python全栈工程师,德龙智能投顾(北京)网络科技有限公司,20001-30000,北京
python爬虫开发工程师,北京奥德塔数据科技有限公司,8000-15000,北京
Python后端开发工程师,柔持(北京)科技有限公司,15000-25000,北京
python全栈工程师,广州思聪智能投顾网络科技有限公司,15001-20000,北京
少儿编程讲师/python讲师,北京小码教育咨询有限公司,8000-12000,北京
python后端工程师,长扬科技(北京)有限公司,15000-25000,北京
python后端工程师,清华大学交通研究所,15000-25000,北京-海淀区
Python后台开发工程师,聚禾影画电影发行(北京)有限公司,8001-10000,北京
Python开发工程师(安全方向),智联招聘网/Zhaopin.com,10000-20000,北京
高级零售系统工程师（Python）,"绫致时装（天津）有限公司/Bestseller Fashion Group (Tianjin) Co.,Ltd",面议,北京
python工程师,中存软件(北京)有限公司,8000-12000,北京
python,北京品科技术有限公司,13000-26000,北京
python开发工程师,智联招聘网/Zhaopin.com,10000-20000,北京
Python数据分析产品设计师,北京阿博泰克北大青鸟信息技术有限公司,10001-15000,北京
云平台开发工程师（JAVA、Python）,航天星图科技(北京)有限公司,20001-30000,北京-顺义区
python工程师,北京开拓天际科技有限公司,13000-20000,北京
python开发工程师,北京顺顺必达信息咨询有限公司,10001-15000,北京
高级Python,北京羽乐创新科技有限公司,25000-35000,北京-朝阳区
Python工程师,北京风行盛世文化传播有限公司,10000-16000,北京
Python项目经理,北京八维教育集团,18000-35000,北京
Python服务器开发工程师,银湖网络科技有限公司,15000-30000,北京
Python开发工程师（运维方向）,北京承启通科技有限公司,8001-10000,北京
python工程师,北京百乘传媒技术有限公司,15000-30000,北京
Python项目经理,北京八维研修学院,18000-35000,北京-海淀区
国内Python（北京）,大连优尼特科技有限公司,10001-15000,北京-朝阳区
高级python工程师-车服事业部,有利网,20000-35000,北京
python开发工程师,武汉昱然智能科技有限公司,8000-15000,北京
python,北京嘉楠捷思信息技术有限公司,15001-20000,北京
python开发,北京车势科技有限公司,15001-20000,北京
python后台工程师,北京视野金融信息服务有限公司,20001-30000,北京
python爬虫工程师,北京视野金融信息服务有限公司,15001-20000,北京
诚聘Python讲师,北京尚学堂科技有限公司,15001-20000,北京
Python高级工程师,北京首都在线科技股份有限公司,15000-30000,北京
Python高级软件开发工程师,北京睿航至臻科技有限公司,15001-20000,北京
python开发工程师,微诺时代(北京)科技股份有限公司,10001-15000,北京
Python开发工程师,杰睿教育集团,15000-30000,北京
python工程师,北京元安物联技术有限公司,8000-16000,北京
C/C++/Java/Python软件工程师,北京天智祥信息科技有限公司,6000-10000,北京
后端开发工程师 (云计算 / Python),北京中天联科科技有限公司,面议,北京
Java/python/UI开发实习生/工程师,北京托普云数据技术有限公司,6001-8000,北京-朝阳区
人工智能老师/Python老师,北京达内金桥科技有限公司1,7000-12000,北京
python开发工程师,北京尚客传媒科技有限公司,10000-18000,北京
python中级开发,北京腾信软创科技股份有限公司,15001-20000,北京
python开发工程师,北京猎户星空科技有限公司,15000-30000,北京
高级python研发工程师(000650),北京融七牛信息技术有限公司,25000-40000,北京
Python研发工程师 爬虫,北京汇游科技有限公司,15001-20000,北京-朝阳区
Python开发（爬虫）,北京汇游科技有限公司,10001-15000,北京
Python全栈工程师,美科科技(北京)有限公司,15000-25000,北京
python开发工程师,北京朗镜科技有限责任公司,20001-30000,北京
Python讲师,北京达内金桥科技有限公司1,15000-30000,北京
Python讲师（少儿编程）,北京达内金桥科技有限公司1,10000-20000,北京
Python数据开发工程师,北京亿维鸿科技有限公司,5000-10000,北京
Python 高级工程师,北京知源智生信息科技有限公司,15000-25000,北京
python工程师,北京米可世界科技有限公司,20000-40000,北京
资深Python 工程师,北京深海巨鲸信息科技有限公司,22000-32000,北京
中级研发工程师（Python方向）,南京高泰科技有限公司,10001-15000,北京
GO+Python,贵州引力波科技有限公司,20000-25000,北京
中级python研发工程师,南京优玛软件科技有限公司北京鸿信科创分公司,10000-15000,北京
Python开发工程师,北京好雨科技有限公司,10000-20000,北京
python研发工程师,北京量子金服网络科技有限公司,15000-30000,北京
